Rating_point,Features,Price,Discount,Pagenum,Ratings,reviews,BrandName
4.1,HD Ready | LED,5499,9990,1,17320,3207,Foxsky
4.0,HD Ready | LED,5990,22990,1,4887,516,Uniboom
4.0,HD Ready | LED,6090,22990,1,333,39,Uniboom
3.8,HD Ready | LED,6899,11999,1,186,21,Blaupunkt
3.7,HD Ready | LED,6990,14990,1,1358,127,Reliance
3.5,HD Ready | LED,6990,14999,1,60,5,Reliance
3.8,HD Ready | LED,6399,16999,1,6,0,VW
3.9,HD Ready | QLED,6899,11999,1,9019,843,Thomson
4.3,HD Ready | LED,6299,9999,1,51006,6399,Thomson
3.8,HD Ready | QLED,6899,11499,1,973,124,KODAK
4.1,HD Ready | LED,6299,9999,1,13638,1318,KODAK
4.0,Ultra HD (4K) | QLED,40990,69990,1,14871,827,XIAOMI
4.0,HD Ready | LED,5190,19990,1,4887,516,Uniboom
4.2,HD Ready | LED,5199,15000,1,11628,853,MarQ
4.0,HD Ready | LED,4499,11000,1,172,30,VW
3.7,Full HD | LED,8099,19990,1,1358,127,Reliance
4.4,Ultra HD (4K) | Mini LED,58999,99999,1,42,4,PHILIPS
4.0,Ultra HD (4K) | QLED,36999,68999,1,113,22,Lumio
3.9,HD Ready | LED,8990,21490,1,16,0,Reliance
3.9,HD Ready | LED,10490,28990,1,453,44,Reliance
4.0,Ultra HD (4K) | QLED,27999,40999,1,113,22,Lumio
4.4,Ultra HD (4K) | Mini LED,43999,84999,1,42,4,PHILIPS
3.7,HD Ready | LED,11990,29990,1,30,1,Reliance
3.9,HD Ready | QLED,7599,18999,1,844,160,VW
4.1,HD Ready | LED,5499,9990,2,17320,3207,Foxsky
4.0,HD Ready | LED,5990,22990,2,4887,516,Uniboom
4.0,HD Ready | LED,6090,22990,2,333,39,Uniboom
3.8,HD Ready | LED,6899,11999,2,186,21,Blaupunkt
3.7,HD Ready | LED,6990,14990,2,1358,127,Reliance
3.5,HD Ready | LED,6990,14999,2,60,5,Reliance
4.0,HD Ready | LED,4999,12999,2,5653,674,Foxsky
3.8,HD Ready | LED,6399,16999,2,6,0,VW
3.9,HD Ready | QLED,6899,11999,2,9019,843,Thomson
4.3,HD Ready | LED,6299,9999,2,51006,6399,Thomson
3.8,HD Ready | QLED,6899,11499,2,973,124,KODAK
4.1,HD Ready | LED,6299,9999,2,13638,1318,KODAK
4.0,HD Ready | LED,5290,19990,2,333,39,Uniboom
4.0,HD Ready | LED,5190,19990,2,4887,516,Uniboom
4.2,HD Ready | LED,5199,15000,2,11628,853,MarQ
4.0,HD Ready | LED,4499,11000,2,172,30,VW
4.0,Ultra HD (4K) | QLED,40990,69990,2,14871,827,XIAOMI
4.0,Ultra HD (4K) | QLED,36999,68999,2,113,22,Lumio
3.7,Full HD | LED,8099,19990,2,1358,127,Reliance
3.9,HD Ready | LED,8990,21490,2,16,0,Reliance
4.4,Ultra HD (4K) | Mini LED,58999,99999,2,42,4,PHILIPS
4.0,Ultra HD (4K) | QLED,27999,40999,2,113,22,Lumio
3.9,HD Ready | LED,10490,28990,2,453,44,Reliance
3.7,HD Ready | LED,11990,29990,2,30,1,Reliance
4.1,HD Ready | LED,5499,9990,3,17320,3207,Foxsky
4.0,HD Ready | LED,5990,22990,3,4887,516,Uniboom
4.0,HD Ready | LED,6090,22990,3,333,39,Uniboom
3.8,HD Ready | LED,6899,11999,3,186,21,Blaupunkt
3.7,HD Ready | LED,6990,14990,3,1358,127,Reliance
3.5,HD Ready | LED,6990,14999,3,60,5,Reliance
3.8,HD Ready | LED,6399,16999,3,6,0,VW
3.9,HD Ready | QLED,6899,11999,3,9019,843,Thomson
4.3,HD Ready | LED,6299,9999,3,51006,6399,Thomson
3.8,HD Ready | QLED,6899,11499,3,973,124,KODAK
4.1,HD Ready | LED,6299,9999,3,13638,1318,KODAK
4.0,Ultra HD (4K) | QLED,40990,69990,3,14871,827,XIAOMI
4.0,HD Ready | LED,5190,19990,3,4887,516,Uniboom
4.2,HD Ready | LED,5199,15000,3,11628,853,MarQ
4.0,HD Ready | LED,4499,11000,3,172,30,VW
3.7,Full HD | LED,8099,19990,3,1358,127,Reliance
4.0,Ultra HD (4K) | QLED,36999,68999,3,113,22,Lumio
4.4,Ultra HD (4K) | Mini LED,58999,99999,3,42,4,PHILIPS
3.9,HD Ready | LED,8990,21490,3,16,0,Reliance
3.9,HD Ready | LED,10490,28990,3,453,44,Reliance
4.0,Ultra HD (4K) | QLED,27999,40999,3,113,22,Lumio
4.0,Ultra HD (4K) | QLED,32999,58999,3,113,22,Lumio
3.7,HD Ready | LED,11990,29990,3,30,1,Reliance
3.9,HD Ready | QLED,7599,18999,3,844,160,VW
4.1,HD Ready | LED,5499,9990,4,17320,3207,Foxsky
4.0,HD Ready | LED,5990,22990,4,4887,516,Uniboom
4.0,HD Ready | LED,6090,22990,4,333,39,Uniboom
3.8,HD Ready | LED,6899,11999,4,186,21,Blaupunkt
3.7,HD Ready | LED,6990,14990,4,1358,127,Reliance
3.5,HD Ready | LED,6990,14999,4,60,5,Reliance
3.8,HD Ready | LED,6399,16999,4,6,0,VW
3.9,HD Ready | QLED,6899,11999,4,9019,843,Thomson
4.3,HD Ready | LED,6299,9999,4,51006,6399,Thomson
3.8,HD Ready | QLED,6899,11499,4,973,124,KODAK
4.1,HD Ready | LED,6299,9999,4,13638,1318,KODAK
4.0,Ultra HD (4K) | QLED,40990,69990,4,14871,827,XIAOMI
4.0,HD Ready | LED,5190,19990,4,4887,516,Uniboom
4.2,HD Ready | LED,5199,15000,4,11628,853,MarQ
4.0,HD Ready | LED,4499,11000,4,172,30,VW
3.7,Full HD | LED,8099,19990,4,1358,127,Reliance
4.0,Ultra HD (4K) | QLED,36999,68999,4,113,22,Lumio
4.4,Ultra HD (4K) | Mini LED,58999,99999,4,42,4,PHILIPS
3.9,HD Ready | LED,8990,21490,4,16,0,Reliance
3.9,HD Ready | LED,10490,28990,4,453,44,Reliance
4.0,Ultra HD (4K) | QLED,27999,40999,4,113,22,Lumio
4.0,Ultra HD (4K) | QLED,32999,58999,4,113,22,Lumio
3.7,HD Ready | LED,11990,29990,4,30,1,Reliance
3.9,HD Ready | QLED,7599,18999,4,844,160,VW
4.1,HD Ready | LED,5499,9990,6,17320,3207,Foxsky
4.0,HD Ready | LED,5990,22990,6,4887,516,Uniboom
4.0,HD Ready | LED,6090,22990,6,333,39,Uniboom
3.8,HD Ready | LED,6899,11999,6,186,21,Blaupunkt
3.7,HD Ready | LED,6990,14990,6,1358,127,Reliance
3.5,HD Ready | LED,6990,14999,6,60,5,Reliance
4.0,HD Ready | LED,4999,12999,6,5653,674,Foxsky
3.8,HD Ready | LED,6399,16999,6,6,0,VW
3.9,HD Ready | QLED,6899,11999,6,9019,843,Thomson
4.3,HD Ready | LED,6299,9999,6,51006,6399,Thomson
3.8,HD Ready | QLED,6899,11499,6,973,124,KODAK
4.1,HD Ready | LED,6299,9999,6,13638,1318,KODAK
4.0,HD Ready | LED,5290,19990,6,333,39,Uniboom
4.0,HD Ready | LED,5190,19990,6,4887,516,Uniboom
4.2,HD Ready | LED,5199,15000,6,11628,853,MarQ
4.0,HD Ready | LED,4499,11000,6,172,30,VW
4.0,Ultra HD (4K) | QLED,40990,69990,6,14871,827,XIAOMI
4.0,Ultra HD (4K) | QLED,36999,68999,6,113,22,Lumio
3.7,Full HD | LED,8099,19990,6,1358,127,Reliance
3.9,HD Ready | LED,8990,21490,6,16,0,Reliance
4.4,Ultra HD (4K) | Mini LED,58999,99999,6,42,4,PHILIPS
4.0,Ultra HD (4K) | QLED,27999,40999,6,113,22,Lumio
3.9,HD Ready | LED,10490,28990,6,453,44,Reliance
3.7,HD Ready | LED,11990,29990,6,30,1,Reliance
4.1,HD Ready | LED,5499,9990,7,17320,3207,Foxsky
4.0,HD Ready | LED,5990,22990,7,4887,516,Uniboom
4.0,HD Ready | LED,6090,22990,7,333,39,Uniboom
3.8,HD Ready | LED,6899,11999,7,186,21,Blaupunkt
3.7,HD Ready | LED,6990,14990,7,1358,127,Reliance
3.5,HD Ready | LED,6990,14999,7,60,5,Reliance
3.8,HD Ready | LED,6399,16999,7,6,0,VW
3.9,HD Ready | QLED,6899,11999,7,9019,843,Thomson
4.3,HD Ready | LED,6299,9999,7,51006,6399,Thomson
3.8,HD Ready | QLED,6899,11499,7,973,124,KODAK
4.1,HD Ready | LED,6299,9999,7,13638,1318,KODAK
4.0,Ultra HD (4K) | QLED,40990,69990,7,14871,827,XIAOMI
4.0,HD Ready | LED,5190,19990,7,4887,516,Uniboom
4.2,HD Ready | LED,5199,15000,7,11628,853,MarQ
4.0,HD Ready | LED,4499,11000,7,172,30,VW
3.7,Full HD | LED,8099,19990,7,1358,127,Reliance
4.0,Ultra HD (4K) | QLED,36999,68999,7,113,22,Lumio
4.4,Ultra HD (4K) | Mini LED,58999,99999,7,42,4,PHILIPS
3.9,HD Ready | LED,8990,21490,7,16,0,Reliance
3.9,HD Ready | LED,10490,28990,7,453,44,Reliance
4.0,Ultra HD (4K) | QLED,27999,40999,7,113,22,Lumio
4.0,Ultra HD (4K) | QLED,32999,58999,7,113,22,Lumio
3.7,HD Ready | LED,11990,29990,7,30,1,Reliance
3.9,HD Ready | QLED,7599,18999,7,844,160,VW
4.1,HD Ready | LED,5499,9990,8,17320,3207,Foxsky
4.0,HD Ready | LED,5990,22990,8,4887,516,Uniboom
4.0,HD Ready | LED,6090,22990,8,333,39,Uniboom
3.8,HD Ready | LED,6899,11999,8,186,21,Blaupunkt
3.7,HD Ready | LED,6990,14990,8,1358,127,Reliance
3.5,HD Ready | LED,6990,14999,8,60,5,Reliance
4.0,HD Ready | LED,4999,12999,8,5653,674,Foxsky
3.8,HD Ready | LED,6399,16999,8,6,0,VW
3.9,HD Ready | QLED,6899,11999,8,9019,843,Thomson
4.3,HD Ready | LED,6299,9999,8,51006,6399,Thomson
3.8,HD Ready | QLED,6899,11499,8,973,124,KODAK
4.1,HD Ready | LED,6299,9999,8,13638,1318,KODAK
4.0,HD Ready | LED,5290,19990,8,333,39,Uniboom
4.0,HD Ready | LED,5190,19990,8,4887,516,Uniboom
4.2,HD Ready | LED,5199,15000,8,11628,853,MarQ
4.0,HD Ready | LED,4499,11000,8,172,30,VW
4.0,Ultra HD (4K) | QLED,40990,69990,8,14871,827,XIAOMI
4.0,Ultra HD (4K) | QLED,36999,68999,8,113,22,Lumio
3.7,Full HD | LED,8099,19990,8,1358,127,Reliance
3.9,HD Ready | LED,8990,21490,8,16,0,Reliance
4.4,Ultra HD (4K) | Mini LED,58999,99999,8,42,4,PHILIPS
4.0,Ultra HD (4K) | QLED,27999,40999,8,113,22,Lumio
3.9,HD Ready | LED,10490,28990,8,453,44,Reliance
3.7,HD Ready | LED,11990,29990,8,30,1,Reliance
4.1,HD Ready | LED,5499,9990,9,17320,3207,Foxsky
4.0,HD Ready | LED,5990,22990,9,4887,516,Uniboom
4.0,HD Ready | LED,6090,22990,9,333,39,Uniboom
3.8,HD Ready | LED,6899,11999,9,186,21,Blaupunkt
3.7,HD Ready | LED,6990,14990,9,1358,127,Reliance
3.5,HD Ready | LED,6990,14999,9,60,5,Reliance
3.8,HD Ready | LED,6399,16999,9,6,0,VW
3.9,HD Ready | QLED,6899,11999,9,9019,843,Thomson
4.3,HD Ready | LED,6299,9999,9,51006,6399,Thomson
3.8,HD Ready | QLED,6899,11499,9,973,124,KODAK
4.1,HD Ready | LED,6299,9999,9,13638,1318,KODAK
4.0,Ultra HD (4K) | QLED,40990,69990,9,14871,827,XIAOMI
4.0,HD Ready | LED,5190,19990,9,4887,516,Uniboom
4.2,HD Ready | LED,5199,15000,9,11628,853,MarQ
4.0,HD Ready | LED,4499,11000,9,172,30,VW
3.7,Full HD | LED,8099,19990,9,1358,127,Reliance
4.4,Ultra HD (4K) | Mini LED,58999,99999,9,42,4,PHILIPS
4.0,Ultra HD (4K) | QLED,36999,68999,9,113,22,Lumio
3.9,HD Ready | LED,8990,21490,9,16,0,Reliance
3.9,HD Ready | LED,10490,28990,9,453,44,Reliance
4.0,Ultra HD (4K) | QLED,27999,40999,9,113,22,Lumio
4.4,Ultra HD (4K) | Mini LED,43999,84999,9,42,4,PHILIPS
3.7,HD Ready | LED,11990,29990,9,30,1,Reliance
3.9,HD Ready | QLED,7599,18999,9,844,160,VW
4.1,HD Ready | LED,5499,9990,10,17320,3207,Foxsky
4.0,HD Ready | LED,5990,22990,10,4887,516,Uniboom
4.0,HD Ready | LED,6090,22990,10,333,39,Uniboom
3.8,HD Ready | LED,6899,11999,10,186,21,Blaupunkt
3.7,HD Ready | LED,6990,14990,10,1358,127,Reliance
3.5,HD Ready | LED,6990,14999,10,60,5,Reliance
3.8,HD Ready | LED,6399,16999,10,6,0,VW
3.9,HD Ready | QLED,6899,11999,10,9019,843,Thomson
4.3,HD Ready | LED,6299,9999,10,51006,6399,Thomson
3.8,HD Ready | QLED,6899,11499,10,973,124,KODAK
4.1,HD Ready | LED,6299,9999,10,13638,1318,KODAK
4.0,Ultra HD (4K) | QLED,40990,69990,10,14871,827,XIAOMI
4.0,HD Ready | LED,5190,19990,10,4887,516,Uniboom
4.2,HD Ready | LED,5199,15000,10,11628,853,MarQ
4.0,HD Ready | LED,4499,11000,10,172,30,VW
3.7,Full HD | LED,8099,19990,10,1358,127,Reliance
4.0,Ultra HD (4K) | QLED,36999,68999,10,113,22,Lumio
4.4,Ultra HD (4K) | Mini LED,58999,99999,10,42,4,PHILIPS
3.9,HD Ready | LED,8990,21490,10,16,0,Reliance
3.9,HD Ready | LED,10490,28990,10,453,44,Reliance
4.0,Ultra HD (4K) | QLED,27999,40999,10,113,22,Lumio
4.0,Ultra HD (4K) | QLED,32999,58999,10,113,22,Lumio
3.7,HD Ready | LED,11990,29990,10,30,1,Reliance
3.9,HD Ready | QLED,7599,18999,10,844,160,VW
4.1,HD Ready | LED,5499,9990,11,17320,3207,Foxsky
4.0,HD Ready | LED,5990,22990,11,4887,516,Uniboom
4.0,HD Ready | LED,6090,22990,11,333,39,Uniboom
3.8,HD Ready | LED,6899,11999,11,186,21,Blaupunkt
3.7,HD Ready | LED,6990,14990,11,1358,127,Reliance
3.5,HD Ready | LED,6990,14999,11,60,5,Reliance
4.0,HD Ready | LED,4999,12999,11,5653,674,Foxsky
3.8,HD Ready | LED,6399,16999,11,6,0,VW
3.9,HD Ready | QLED,6899,11999,11,9019,843,Thomson
4.3,HD Ready | LED,6299,9999,11,51006,6399,Thomson
3.8,HD Ready | QLED,6899,11499,11,973,124,KODAK
4.1,HD Ready | LED,6299,9999,11,13638,1318,KODAK
4.0,HD Ready | LED,5290,19990,11,333,39,Uniboom
4.0,HD Ready | LED,5190,19990,11,4887,516,Uniboom
4.2,HD Ready | LED,5199,15000,11,11628,853,MarQ
4.0,HD Ready | LED,4499,11000,11,172,30,VW
4.0,Ultra HD (4K) | QLED,40990,69990,11,14871,827,XIAOMI
4.0,Ultra HD (4K) | QLED,36999,68999,11,113,22,Lumio
3.7,Full HD | LED,8099,19990,11,1358,127,Reliance
3.9,HD Ready | LED,8990,21490,11,16,0,Reliance
4.4,Ultra HD (4K) | Mini LED,58999,99999,11,42,4,PHILIPS
4.0,Ultra HD (4K) | QLED,27999,40999,11,113,22,Lumio
3.9,HD Ready | LED,10490,28990,11,453,44,Reliance
3.7,HD Ready | LED,11990,29990,11,30,1,Reliance
4.1,HD Ready | LED,5499,9990,12,17320,3207,Foxsky
4.0,HD Ready | LED,5990,22990,12,4887,516,Uniboom
4.0,HD Ready | LED,6090,22990,12,333,39,Uniboom
3.8,HD Ready | LED,6899,11999,12,186,21,Blaupunkt
3.7,HD Ready | LED,6990,14990,12,1358,127,Reliance
3.5,HD Ready | LED,6990,14999,12,60,5,Reliance
3.8,HD Ready | LED,6399,16999,12,6,0,VW
3.9,HD Ready | QLED,6899,11999,12,9019,843,Thomson
4.3,HD Ready | LED,6299,9999,12,51006,6399,Thomson
3.8,HD Ready | QLED,6899,11499,12,973,124,KODAK
4.1,HD Ready | LED,6299,9999,12,13638,1318,KODAK
4.0,Ultra HD (4K) | QLED,40990,69990,12,14871,827,XIAOMI
4.0,HD Ready | LED,5190,19990,12,4887,516,Uniboom
4.2,HD Ready | LED,5199,15000,12,11628,853,MarQ
4.0,HD Ready | LED,4499,11000,12,172,30,VW
3.7,Full HD | LED,8099,19990,12,1358,127,Reliance
4.0,Ultra HD (4K) | QLED,36999,68999,12,113,22,Lumio
4.4,Ultra HD (4K) | Mini LED,58999,99999,12,42,4,PHILIPS
3.9,HD Ready | LED,8990,21490,12,16,0,Reliance
3.9,HD Ready | LED,10490,28990,12,453,44,Reliance
4.0,Ultra HD (4K) | QLED,27999,40999,12,113,22,Lumio
4.0,Ultra HD (4K) | QLED,32999,58999,12,113,22,Lumio
3.7,HD Ready | LED,11990,29990,12,30,1,Reliance
3.9,HD Ready | QLED,7599,18999,12,844,160,VW
4.1,HD Ready | LED,5499,9990,13,17320,3207,Foxsky
4.0,HD Ready | LED,5990,22990,13,4887,516,Uniboom
4.0,HD Ready | LED,6090,22990,13,333,39,Uniboom
3.8,HD Ready | LED,6899,11999,13,186,21,Blaupunkt
3.7,HD Ready | LED,6990,14990,13,1358,127,Reliance
3.5,HD Ready | LED,6990,14999,13,60,5,Reliance
4.0,HD Ready | LED,4999,12999,13,5653,674,Foxsky
3.8,HD Ready | LED,6399,16999,13,6,0,VW
3.9,HD Ready | QLED,6899,11999,13,9019,843,Thomson
4.3,HD Ready | LED,6299,9999,13,51006,6399,Thomson
3.8,HD Ready | QLED,6899,11499,13,973,124,KODAK
4.1,HD Ready | LED,6299,9999,13,13638,1318,KODAK
4.0,HD Ready | LED,5290,19990,13,333,39,Uniboom
4.0,HD Ready | LED,5190,19990,13,4887,516,Uniboom
4.2,HD Ready | LED,5199,15000,13,11628,853,MarQ
4.0,HD Ready | LED,4499,11000,13,172,30,VW
4.0,Ultra HD (4K) | QLED,40990,69990,13,14871,827,XIAOMI
4.0,Ultra HD (4K) | QLED,36999,68999,13,113,22,Lumio
3.7,Full HD | LED,8099,19990,13,1358,127,Reliance
3.9,HD Ready | LED,8990,21490,13,16,0,Reliance
4.4,Ultra HD (4K) | Mini LED,58999,99999,13,42,4,PHILIPS
4.0,Ultra HD (4K) | QLED,27999,40999,13,113,22,Lumio
3.9,HD Ready | LED,10490,28990,13,453,44,Reliance
3.7,HD Ready | LED,11990,29990,13,30,1,Reliance
4.1,HD Ready | LED,5499,9990,14,17320,3207,Foxsky
4.0,HD Ready | LED,5990,22990,14,4887,516,Uniboom
4.0,HD Ready | LED,6090,22990,14,333,39,Uniboom
3.8,HD Ready | LED,6899,11999,14,186,21,Blaupunkt
3.7,HD Ready | LED,6990,14990,14,1358,127,Reliance
3.5,HD Ready | LED,6990,14999,14,60,5,Reliance
3.8,HD Ready | LED,6399,16999,14,6,0,VW
3.9,HD Ready | QLED,6899,11999,14,9019,843,Thomson
4.3,HD Ready | LED,6299,9999,14,51006,6399,Thomson
3.8,HD Ready | QLED,6899,11499,14,973,124,KODAK
4.1,HD Ready | LED,6299,9999,14,13638,1318,KODAK
4.0,Ultra HD (4K) | QLED,40990,69990,14,14871,827,XIAOMI
4.0,HD Ready | LED,5190,19990,14,4887,516,Uniboom
4.2,HD Ready | LED,5199,15000,14,11628,853,MarQ
4.0,HD Ready | LED,4499,11000,14,172,30,VW
3.7,Full HD | LED,8099,19990,14,1358,127,Reliance
4.4,Ultra HD (4K) | Mini LED,58999,99999,14,42,4,PHILIPS
4.0,Ultra HD (4K) | QLED,36999,68999,14,113,22,Lumio
3.9,HD Ready | LED,8990,21490,14,16,0,Reliance
3.9,HD Ready | LED,10490,28990,14,453,44,Reliance
4.0,Ultra HD (4K) | QLED,27999,40999,14,113,22,Lumio
4.4,Ultra HD (4K) | Mini LED,43999,84999,14,42,4,PHILIPS
3.7,HD Ready | LED,11990,29990,14,30,1,Reliance
3.9,HD Ready | QLED,7599,18999,14,844,160,VW
4.1,HD Ready | LED,5499,9990,15,17320,3207,Foxsky
4.0,HD Ready | LED,5990,22990,15,4887,516,Uniboom
4.0,HD Ready | LED,6090,22990,15,333,39,Uniboom
3.8,HD Ready | LED,6899,11999,15,186,21,Blaupunkt
3.7,HD Ready | LED,6990,14990,15,1358,127,Reliance
3.5,HD Ready | LED,6990,14999,15,60,5,Reliance
3.8,HD Ready | LED,6399,16999,15,6,0,VW
3.9,HD Ready | QLED,6899,11999,15,9019,843,Thomson
4.3,HD Ready | LED,6299,9999,15,51006,6399,Thomson
3.8,HD Ready | QLED,6899,11499,15,973,124,KODAK
4.1,HD Ready | LED,6299,9999,15,13638,1318,KODAK
4.0,Ultra HD (4K) | QLED,40990,69990,15,14871,827,XIAOMI
4.0,HD Ready | LED,5190,19990,15,4887,516,Uniboom
4.2,HD Ready | LED,5199,15000,15,11628,853,MarQ
4.0,HD Ready | LED,4499,11000,15,172,30,VW
3.7,Full HD | LED,8099,19990,15,1358,127,Reliance
4.0,Ultra HD (4K) | QLED,36999,68999,15,113,22,Lumio
4.4,Ultra HD (4K) | Mini LED,58999,99999,15,42,4,PHILIPS
3.9,HD Ready | LED,8990,21490,15,16,0,Reliance
3.9,HD Ready | LED,10490,28990,15,453,44,Reliance
4.0,Ultra HD (4K) | QLED,27999,40999,15,113,22,Lumio
4.0,Ultra HD (4K) | QLED,32999,58999,15,113,22,Lumio
3.7,HD Ready | LED,11990,29990,15,30,1,Reliance
3.9,HD Ready | QLED,7599,18999,15,844,160,VW
4.1,HD Ready | LED,5499,9990,16,17320,3207,Foxsky
4.0,HD Ready | LED,5990,22990,16,4887,516,Uniboom
4.0,HD Ready | LED,6090,22990,16,333,39,Uniboom
3.8,HD Ready | LED,6899,11999,16,186,21,Blaupunkt
3.7,HD Ready | LED,6990,14990,16,1358,127,Reliance
3.5,HD Ready | LED,6990,14999,16,60,5,Reliance
3.8,HD Ready | LED,6399,16999,16,6,0,VW
3.9,HD Ready | QLED,6899,11999,16,9019,843,Thomson
4.3,HD Ready | LED,6299,9999,16,51006,6399,Thomson
3.8,HD Ready | QLED,6899,11499,16,973,124,KODAK
4.1,HD Ready | LED,6299,9999,16,13638,1318,KODAK
4.0,Ultra HD (4K) | QLED,40990,69990,16,14871,827,XIAOMI
4.0,HD Ready | LED,5190,19990,16,4887,516,Uniboom
4.2,HD Ready | LED,5199,15000,16,11628,853,MarQ
4.0,HD Ready | LED,4499,11000,16,172,30,VW
3.7,Full HD | LED,8099,19990,16,1358,127,Reliance
4.0,Ultra HD (4K) | QLED,36999,68999,16,113,22,Lumio
4.4,Ultra HD (4K) | Mini LED,58999,99999,16,42,4,PHILIPS
3.9,HD Ready | LED,8990,21490,16,16,0,Reliance
3.9,HD Ready | LED,10490,28990,16,453,44,Reliance
4.0,Ultra HD (4K) | QLED,27999,40999,16,113,22,Lumio
4.0,Ultra HD (4K) | QLED,32999,58999,16,113,22,Lumio
3.7,HD Ready | LED,11990,29990,16,30,1,Reliance
3.9,HD Ready | QLED,7599,18999,16,844,160,VW
4.1,HD Ready | LED,5499,9990,17,17320,3207,Foxsky
4.0,HD Ready | LED,5990,22990,17,4887,516,Uniboom
4.0,HD Ready | LED,6090,22990,17,333,39,Uniboom
3.8,HD Ready | LED,6899,11999,17,186,21,Blaupunkt
3.7,HD Ready | LED,6990,14990,17,1358,127,Reliance
3.5,HD Ready | LED,6990,14999,17,60,5,Reliance
4.0,HD Ready | LED,4999,12999,17,5653,674,Foxsky
3.8,HD Ready | LED,6399,16999,17,6,0,VW
3.9,HD Ready | QLED,6899,11999,17,9019,843,Thomson
4.3,HD Ready | LED,6299,9999,17,51006,6399,Thomson
3.8,HD Ready | QLED,6899,11499,17,973,124,KODAK
4.1,HD Ready | LED,6299,9999,17,13638,1318,KODAK
4.0,HD Ready | LED,5290,19990,17,333,39,Uniboom
4.0,HD Ready | LED,5190,19990,17,4887,516,Uniboom
4.2,HD Ready | LED,5199,15000,17,11628,853,MarQ
4.0,HD Ready | LED,4499,11000,17,172,30,VW
4.0,Ultra HD (4K) | QLED,40990,69990,17,14871,827,XIAOMI
4.4,Ultra HD (4K) | Mini LED,58999,99999,17,42,4,PHILIPS
3.7,Full HD | LED,8099,19990,17,1358,127,Reliance
3.9,HD Ready | LED,8990,21490,17,16,0,Reliance
4.0,Ultra HD (4K) | QLED,36999,68999,17,113,22,Lumio
4.0,Ultra HD (4K) | QLED,27999,40999,17,113,22,Lumio
3.9,HD Ready | LED,10490,28990,17,453,44,Reliance
3.7,HD Ready | LED,11990,29990,17,30,1,Reliance
4.1,HD Ready | LED,5499,9990,18,17320,3207,Foxsky
4.0,HD Ready | LED,5990,22990,18,4887,516,Uniboom
4.0,HD Ready | LED,6090,22990,18,333,39,Uniboom
3.8,HD Ready | LED,6899,11999,18,186,21,Blaupunkt
3.7,HD Ready | LED,6990,14990,18,1358,127,Reliance
3.5,HD Ready | LED,6990,14999,18,60,5,Reliance
3.8,HD Ready | LED,6399,16999,18,6,0,VW
3.9,HD Ready | QLED,6899,11999,18,9019,843,Thomson
4.3,HD Ready | LED,6299,9999,18,51006,6399,Thomson
3.8,HD Ready | QLED,6899,11499,18,973,124,KODAK
4.1,HD Ready | LED,6299,9999,18,13638,1318,KODAK
4.0,Ultra HD (4K) | QLED,40990,69990,18,14871,827,XIAOMI
4.0,HD Ready | LED,5190,19990,18,4887,516,Uniboom
4.2,HD Ready | LED,5199,15000,18,11628,853,MarQ
4.0,HD Ready | LED,4499,11000,18,172,30,VW
3.7,Full HD | LED,8099,19990,18,1358,127,Reliance
4.0,Ultra HD (4K) | QLED,36999,68999,18,113,22,Lumio
4.4,Ultra HD (4K) | Mini LED,58999,99999,18,42,4,PHILIPS
3.9,HD Ready | LED,8990,21490,18,16,0,Reliance
3.9,HD Ready | LED,10490,28990,18,453,44,Reliance
4.0,Ultra HD (4K) | QLED,27999,40999,18,113,22,Lumio
4.0,Ultra HD (4K) | QLED,32999,58999,18,113,22,Lumio
3.7,HD Ready | LED,11990,29990,18,30,1,Reliance
3.9,HD Ready | QLED,7599,18999,18,844,160,VW
4.1,HD Ready | LED,5499,9990,19,17320,3207,Foxsky
4.0,HD Ready | LED,5990,22990,19,4887,516,Uniboom
4.0,HD Ready | LED,6090,22990,19,333,39,Uniboom
3.8,HD Ready | LED,6899,11999,19,186,21,Blaupunkt
3.7,HD Ready | LED,6990,14990,19,1358,127,Reliance
3.5,HD Ready | LED,6990,14999,19,60,5,Reliance
3.8,HD Ready | LED,6399,16999,19,6,0,VW
3.9,HD Ready | QLED,6899,11999,19,9019,843,Thomson
4.3,HD Ready | LED,6299,9999,19,51006,6399,Thomson
3.8,HD Ready | QLED,6899,11499,19,973,124,KODAK
4.1,HD Ready | LED,6299,9999,19,13638,1318,KODAK
4.0,Ultra HD (4K) | QLED,40990,69990,19,14871,827,XIAOMI
4.0,HD Ready | LED,5190,19990,19,4887,516,Uniboom
4.2,HD Ready | LED,5199,15000,19,11628,853,MarQ
4.0,HD Ready | LED,4499,11000,19,172,30,VW
3.7,Full HD | LED,8099,19990,19,1358,127,Reliance
4.4,Ultra HD (4K) | Mini LED,58999,99999,19,42,4,PHILIPS
4.0,Ultra HD (4K) | QLED,36999,68999,19,113,22,Lumio
3.9,HD Ready | LED,8990,21490,19,16,0,Reliance
3.9,HD Ready | LED,10490,28990,19,453,44,Reliance
4.0,Ultra HD (4K) | QLED,27999,40999,19,113,22,Lumio
4.4,Ultra HD (4K) | Mini LED,43999,84999,19,42,4,PHILIPS
3.7,HD Ready | LED,11990,29990,19,30,1,Reliance
3.9,HD Ready | QLED,7599,18999,19,844,160,VW
4.1,HD Ready | LED,5499,9990,20,17320,3207,Foxsky
4.0,HD Ready | LED,5990,22990,20,4887,516,Uniboom
4.0,HD Ready | LED,6090,22990,20,333,39,Uniboom
3.8,HD Ready | LED,6899,11999,20,186,21,Blaupunkt
3.7,HD Ready | LED,6990,14990,20,1358,127,Reliance
3.5,HD Ready | LED,6990,14999,20,60,5,Reliance
4.0,HD Ready | LED,4999,12999,20,5653,674,Foxsky
3.8,HD Ready | LED,6399,16999,20,6,0,VW
3.9,HD Ready | QLED,6899,11999,20,9019,843,Thomson
4.3,HD Ready | LED,6299,9999,20,51006,6399,Thomson
3.8,HD Ready | QLED,6899,11499,20,973,124,KODAK
4.1,HD Ready | LED,6299,9999,20,13638,1318,KODAK
4.0,HD Ready | LED,5290,19990,20,333,39,Uniboom
4.0,HD Ready | LED,5190,19990,20,4887,516,Uniboom
4.2,HD Ready | LED,5199,15000,20,11628,853,MarQ
4.0,HD Ready | LED,4499,11000,20,172,30,VW
4.0,Ultra HD (4K) | QLED,40990,69990,20,14871,827,XIAOMI
4.4,Ultra HD (4K) | Mini LED,58999,99999,20,42,4,PHILIPS
3.7,Full HD | LED,8099,19990,20,1358,127,Reliance
3.9,HD Ready | LED,8990,21490,20,16,0,Reliance
4.0,Ultra HD (4K) | QLED,36999,68999,20,113,22,Lumio
4.0,Ultra HD (4K) | QLED,27999,40999,20,113,22,Lumio
3.9,HD Ready | LED,10490,28990,20,453,44,Reliance
3.7,HD Ready | LED,11990,29990,20,30,1,Reliance
4.1,HD Ready | LED,5499,9990,21,17320,3207,Foxsky
4.0,HD Ready | LED,5990,22990,21,4887,516,Uniboom
4.0,HD Ready | LED,6090,22990,21,333,39,Uniboom
3.8,HD Ready | LED,6899,11999,21,186,21,Blaupunkt
3.7,HD Ready | LED,6990,14990,21,1358,127,Reliance
3.5,HD Ready | LED,6990,14999,21,60,5,Reliance
3.8,HD Ready | LED,6399,16999,21,6,0,VW
3.9,HD Ready | QLED,6899,11999,21,9019,843,Thomson
4.3,HD Ready | LED,6299,9999,21,51006,6399,Thomson
3.8,HD Ready | QLED,6899,11499,21,973,124,KODAK
4.1,HD Ready | LED,6299,9999,21,13638,1318,KODAK
4.0,Ultra HD (4K) | QLED,40990,69990,21,14871,827,XIAOMI
4.0,HD Ready | LED,5190,19990,21,4887,516,Uniboom
4.2,HD Ready | LED,5199,15000,21,11628,853,MarQ
4.0,HD Ready | LED,4499,11000,21,172,30,VW
3.7,Full HD | LED,8099,19990,21,1358,127,Reliance
4.0,Ultra HD (4K) | QLED,36999,68999,21,113,22,Lumio
4.4,Ultra HD (4K) | Mini LED,58999,99999,21,42,4,PHILIPS
3.9,HD Ready | LED,8990,21490,21,16,0,Reliance
3.9,HD Ready | LED,10490,28990,21,453,44,Reliance
4.0,Ultra HD (4K) | QLED,27999,40999,21,113,22,Lumio
4.0,Ultra HD (4K) | QLED,32999,58999,21,113,22,Lumio
3.7,HD Ready | LED,11990,29990,21,30,1,Reliance
3.9,HD Ready | QLED,7599,18999,21,844,160,VW
4.1,HD Ready | LED,5499,9990,22,17320,3207,Foxsky
4.0,HD Ready | LED,5990,22990,22,4887,516,Uniboom
4.0,HD Ready | LED,6090,22990,22,333,39,Uniboom
3.8,HD Ready | LED,6899,11999,22,186,21,Blaupunkt
3.7,HD Ready | LED,6990,14990,22,1358,127,Reliance
3.5,HD Ready | LED,6990,14999,22,60,5,Reliance
3.8,HD Ready | LED,6399,16999,22,6,0,VW
3.9,HD Ready | QLED,6899,11999,22,9019,843,Thomson
4.3,HD Ready | LED,6299,9999,22,51006,6399,Thomson
3.8,HD Ready | QLED,6899,11499,22,973,124,KODAK
4.1,HD Ready | LED,6299,9999,22,13638,1318,KODAK
4.0,Ultra HD (4K) | QLED,40990,69990,22,14871,827,XIAOMI
4.0,HD Ready | LED,5190,19990,22,4887,516,Uniboom
4.2,HD Ready | LED,5199,15000,22,11628,853,MarQ
4.0,HD Ready | LED,4499,11000,22,172,30,VW
3.7,Full HD | LED,8099,19990,22,1358,127,Reliance
4.0,Ultra HD (4K) | QLED,36999,68999,22,113,22,Lumio
4.4,Ultra HD (4K) | Mini LED,58999,99999,22,42,4,PHILIPS
3.9,HD Ready | LED,8990,21490,22,16,0,Reliance
3.9,HD Ready | LED,10490,28990,22,453,44,Reliance
4.0,Ultra HD (4K) | QLED,27999,40999,22,113,22,Lumio
4.0,Ultra HD (4K) | QLED,32999,58999,22,113,22,Lumio
3.7,HD Ready | LED,11990,29990,22,30,1,Reliance
3.9,HD Ready | QLED,7599,18999,22,844,160,VW
4.1,HD Ready | LED,5499,9990,23,17320,3207,Foxsky
4.0,HD Ready | LED,5990,22990,23,4887,516,Uniboom
4.0,HD Ready | LED,6090,22990,23,333,39,Uniboom
3.8,HD Ready | LED,6899,11999,23,186,21,Blaupunkt
3.7,HD Ready | LED,6990,14990,23,1358,127,Reliance
3.5,HD Ready | LED,6990,14999,23,60,5,Reliance
4.0,HD Ready | LED,4999,12999,23,5653,674,Foxsky
3.8,HD Ready | LED,6399,16999,23,6,0,VW
3.9,HD Ready | QLED,6899,11999,23,9019,843,Thomson
4.3,HD Ready | LED,6299,9999,23,51006,6399,Thomson
3.8,HD Ready | QLED,6899,11499,23,973,124,KODAK
4.1,HD Ready | LED,6299,9999,23,13638,1318,KODAK
4.0,HD Ready | LED,5290,19990,23,333,39,Uniboom
4.0,HD Ready | LED,5190,19990,23,4887,516,Uniboom
4.2,HD Ready | LED,5199,15000,23,11628,853,MarQ
4.0,HD Ready | LED,4499,11000,23,172,30,VW
4.0,Ultra HD (4K) | QLED,40990,69990,23,14871,827,XIAOMI
4.4,Ultra HD (4K) | Mini LED,58999,99999,23,42,4,PHILIPS
3.7,Full HD | LED,8099,19990,23,1358,127,Reliance
3.9,HD Ready | LED,8990,21490,23,16,0,Reliance
4.0,Ultra HD (4K) | QLED,36999,68999,23,113,22,Lumio
4.0,Ultra HD (4K) | QLED,27999,40999,23,113,22,Lumio
3.9,HD Ready | LED,10490,28990,23,453,44,Reliance
3.7,HD Ready | LED,11990,29990,23,30,1,Reliance
4.1,HD Ready | LED,5499,9990,24,17320,3207,Foxsky
4.0,HD Ready | LED,5990,22990,24,4887,516,Uniboom
4.0,HD Ready | LED,6090,22990,24,333,39,Uniboom
3.8,HD Ready | LED,6899,11999,24,186,21,Blaupunkt
3.7,HD Ready | LED,6990,14990,24,1358,127,Reliance
3.5,HD Ready | LED,6990,14999,24,60,5,Reliance
4.0,HD Ready | LED,4999,12999,24,5653,674,Foxsky
3.8,HD Ready | LED,6399,16999,24,6,0,VW
3.9,HD Ready | QLED,6899,11999,24,9019,843,Thomson
4.3,HD Ready | LED,6299,9999,24,51006,6399,Thomson
3.8,HD Ready | QLED,6899,11499,24,973,124,KODAK
4.1,HD Ready | LED,6299,9999,24,13638,1318,KODAK
4.0,HD Ready | LED,5290,19990,24,333,39,Uniboom
4.0,HD Ready | LED,5190,19990,24,4887,516,Uniboom
4.2,HD Ready | LED,5199,15000,24,11628,853,MarQ
4.0,HD Ready | LED,4499,11000,24,172,30,VW
4.0,Ultra HD (4K) | QLED,40990,69990,24,14871,827,XIAOMI
4.0,Ultra HD (4K) | QLED,36999,68999,24,113,22,Lumio
3.7,Full HD | LED,8099,19990,24,1358,127,Reliance
3.9,HD Ready | LED,8990,21490,24,16,0,Reliance
4.4,Ultra HD (4K) | Mini LED,58999,99999,24,42,4,PHILIPS
4.0,Ultra HD (4K) | QLED,27999,40999,24,113,22,Lumio
3.9,HD Ready | LED,10490,28990,24,453,44,Reliance
3.7,HD Ready | LED,11990,29990,24,30,1,Reliance
